<?xml version="1.0" encoding="UTF-8" standalone="yes"?>
<feed>
	<!-- resultLength indicates the total number of results for this feed -->
	<resultLength>1</resultLength>
	<!-- endIndix  indicates the number of results for this *paged* section of the feed -->
    feed -->
	<endIndex>1</endIndex>
	<item sdImg="http://rokuvidz.000webhostapp.com/rokudev/examples/videoplayer/images/sd_jlumley.jpg"
		hdImg="http://rokuvidz.000webhostapp.com/rokudev/examples/videoplayer/images/hd_jlumley.jpg">
		<title>Web Host URL Testing</title>
		<contentId>10001</contentId>
		<contentType>Talk</contentType>
		<contentQuality>HD</contentQuality>
		<streamFormat>mp4</streamFormat>
		<media>
			<streamQuality>HD</streamQuality>
			<streamBitrate>1500</streamBitrate>
			<streamUrl>http://rokuvidz.000webhostapp.com/rokudev/rivernile.mp4</streamUrl>
		</media>
		<synopsis>Hi, lets explore the world via our Roku players!</synopsis>
		<genres>Clip</genres>
		<runtime>52</runtime>
	</item>
</feed>
